"","V1"
"1","No"
"2","No"
"3","No"
"4","No"
"5","No"
"6","No"
"7","No"
"8","No"
"9","No"
"10","Yes"
"11","No"
"12","No"
"13","No"
"14","No"
"15","No"
"16","No"
"17","No"
"18","No"
"19","No"
"20","No"
"21","Yes"
"22","No"
"23","No"
"24","No"
"25","No"
"26","No"
"27","No"
"28","No"
"29","No"
"30","No"
"31","No"
"32","No"
"33","No"
"34","No"
"35","Yes"
"36","No"
"37","Yes"
"38","Yes"
"39","Yes"
"40","No"
"41","No"
"42","No"
"43","No"
"44","No"
"45","No"
"46","No"
"47","No"
"48","No"
"49","No"
"50","No"
"51","No"
"52","No"
"53","No"
"54","No"
"55","No"
"56","No"
"57","No"
"58","No"
"59","No"
"60","Yes"
"61","No"
"62","No"
"63","No"
"64","Yes"
"65","No"
"66","Yes"
"67","No"
"68","Yes"
"69","No"
"70","No"
"71","No"
"72","No"
"73","No"
"74","No"
"75","No"
"76","No"
"77","No"
"78","No"
"79","Yes"
"80","No"
"81","No"
"82","No"
"83","Yes"
"84","No"
"85","No"
"86","No"
"87","No"
"88","No"
"89","No"
"90","No"
"91","No"
"92","No"
"93","No"
"94","No"
"95","Yes"
"96","No"
"97","No"
"98","No"
"99","No"
"100","No"
"101","No"
"102","No"
"103","No"
"104","No"
"105","No"
"106","No"
"107","No"
"108","No"
"109","No"
"110","Yes"
"111","Yes"
"112","Yes"
"113","No"
"114","No"
"115","Yes"
"116","No"
"117","No"
"118","No"
"119","Yes"
"120","Yes"
"121","No"
"122","No"
"123","No"
"124","No"
"125","No"
"126","No"
"127","No"
"128","Yes"
"129","No"
"130","No"
"131","Yes"
"132","No"
"133","No"
"134","No"
"135","No"
"136","No"
"137","No"
"138","No"
"139","No"
"140","Yes"
"141","No"
"142","No"
"143","No"
"144","No"
"145","No"
"146","No"
"147","No"
"148","No"
"149","No"
"150","No"
"151","No"
"152","No"
"153","No"
"154","Yes"
"155","No"
"156","No"
"157","No"
"158","No"
"159","Yes"
"160","No"
"161","No"
"162","Yes"
"163","Yes"
"164","Yes"
"165","No"
"166","No"
"167","Yes"
"168","No"
"169","No"
"170","No"
"171","No"
"172","Yes"
"173","No"
"174","No"
"175","No"
"176","No"
"177","No"
"178","No"
"179","No"
"180","No"
"181","No"
"182","Yes"
"183","No"
"184","No"
"185","No"
"186","No"
"187","No"
"188","No"
"189","No"
"190","No"
"191","Yes"
"192","No"
"193","No"
"194","No"
"195","No"
"196","No"
"197","No"
"198","No"
"199","No"
"200","No"
"201","Yes"
"202","No"
"203","No"
"204","No"
"205","Yes"
"206","No"
"207","No"
"208","No"
"209","No"
"210","No"
"211","No"
"212","No"
"213","No"
"214","No"
"215","Yes"
"216","No"
"217","No"
"218","No"
"219","No"
"220","No"
"221","No"
"222","No"
"223","No"
"224","No"
"225","No"
"226","No"
"227","No"
"228","Yes"
"229","Yes"
"230","No"
"231","No"
"232","No"
"233","No"
"234","No"
"235","No"
"236","No"
"237","No"
"238","No"
"239","No"
"240","No"
"241","No"
"242","No"
"243","No"
"244","No"
"245","No"
"246","No"
"247","No"
"248","No"
"249","No"
"250","No"
"251","Yes"
"252","No"
"253","No"
"254","No"
"255","No"
"256","Yes"
"257","Yes"
"258","Yes"
"259","No"
"260","No"
"261","No"
"262","No"
"263","No"
"264","No"
"265","No"
"266","Yes"
"267","No"
"268","No"
"269","No"
"270","No"
"271","No"
"272","No"
"273","No"
"274","No"
"275","Yes"
"276","No"
"277","Yes"
"278","No"
"279","No"
"280","No"
"281","No"
"282","No"
"283","Yes"
"284","No"
"285","No"
"286","Yes"
"287","No"
"288","No"
"289","No"
"290","Yes"
"291","Yes"
"292","No"
"293","No"
"294","No"
"295","No"
"296","No"
"297","No"
"298","Yes"
"299","No"
"300","No"
"301","Yes"
"302","No"
"303","No"
"304","No"
"305","No"
"306","No"
"307","Yes"
"308","No"
"309","Yes"
"310","No"
"311","Yes"
"312","No"
"313","Yes"
"314","No"
"315","Yes"
"316","No"
"317","No"
"318","No"
"319","No"
"320","No"
"321","No"
"322","No"
"323","No"
"324","No"
"325","Yes"
"326","No"
"327","No"
"328","No"
"329","No"
"330","No"
"331","No"
"332","No"
"333","No"
"334","No"
"335","No"
"336","No"
"337","No"
"338","No"
"339","No"
"340","No"
"341","No"
"342","No"
"343","Yes"
"344","No"
"345","No"
"346","Yes"
"347","No"
"348","No"
"349","Yes"
"350","No"
"351","No"
"352","No"
"353","No"
"354","No"
"355","No"
"356","Yes"
"357","No"
"358","No"
"359","No"
"360","No"
"361","No"
"362","No"
"363","Yes"
"364","No"
"365","No"
"366","No"
"367","No"
"368","No"
"369","No"
"370","No"
"371","No"
"372","No"
"373","No"
"374","Yes"
"375","No"
"376","No"
"377","No"
"378","Yes"
"379","No"
"380","No"
"381","No"
"382","No"
"383","No"
"384","No"
"385","No"
"386","No"
"387","No"
"388","Yes"
"389","No"
"390","No"
"391","No"
"392","No"
"393","No"
"394","No"
"395","No"
"396","No"
"397","No"
"398","No"
"399","No"
"400","No"
"401","No"
"402","No"
"403","No"
"404","No"
"405","No"
"406","Yes"
"407","No"
"408","No"
"409","No"
"410","No"
"411","Yes"
"412","Yes"
"413","No"
"414","No"
"415","No"
"416","No"
"417","Yes"
"418","No"
"419","No"
"420","Yes"
"421","Yes"
"422","No"
"423","No"
"424","No"
"425","No"
"426","No"
"427","No"
"428","Yes"
"429","No"
"430","No"
"431","No"
"432","No"
"433","Yes"
"434","No"
"435","No"
"436","No"
"437","No"
"438","No"
"439","Yes"
"440","No"
"441","No"
"442","No"
"443","No"
"444","No"
"445","No"
"446","No"
"447","No"
"448","No"
"449","No"
"450","No"
"451","No"
"452","No"
"453","No"
"454","No"
"455","Yes"
"456","No"
"457","No"
"458","No"
"459","No"
"460","No"
"461","No"
"462","No"
"463","No"
"464","No"
"465","No"
"466","No"
"467","No"
"468","No"
"469","No"
"470","No"
"471","No"
"472","No"
"473","No"
"474","No"
"475","No"
"476","No"
"477","Yes"
"478","Yes"
"479","Yes"
"480","No"
"481","No"
"482","No"
"483","No"
"484","Yes"
"485","No"
"486","Yes"
"487","No"
"488","No"
"489","No"
"490","No"
"491","No"
"492","No"
"493","Yes"
"494","No"
"495","No"
"496","No"
"497","No"
"498","Yes"
"499","No"
"500","No"
"501","No"
"502","No"
"503","Yes"
"504","No"
"505","No"
"506","No"
"507","No"
"508","No"
"509","No"
"510","No"
"511","No"
"512","No"
"513","Yes"
"514","Yes"
"515","No"
"516","No"
"517","No"
"518","No"
"519","No"
"520","No"
"521","No"
"522","Yes"
"523","No"
"524","No"
"525","No"
"526","No"
"527","No"
"528","No"
"529","No"
"530","No"
"531","No"
"532","No"
"533","No"
"534","No"
"535","Yes"
"536","Yes"
"537","No"
"538","No"
"539","No"
"540","No"
"541","No"
"542","No"
"543","No"
"544","No"
"545","No"
"546","No"
"547","No"
"548","No"
"549","No"
"550","No"
"551","No"
"552","No"
"553","No"
"554","No"
"555","No"
"556","No"
"557","No"
"558","No"
"559","No"
"560","No"
"561","No"
"562","No"
"563","No"
"564","No"
"565","No"
"566","No"
"567","No"
"568","No"
"569","No"
"570","No"
"571","No"
"572","Yes"
"573","No"
"574","No"
"575","No"
"576","No"
"577","No"
"578","No"
"579","No"
"580","No"
"581","No"
"582","No"
"583","No"
"584","No"
"585","No"
"586","No"
"587","Yes"
"588","No"
"589","No"
"590","No"
"591","No"
"592","No"
"593","No"
"594","No"
"595","No"
"596","No"
"597","No"
"598","No"
"599","No"
"600","No"
"601","No"
"602","No"
"603","No"
"604","No"
"605","No"
"606","Yes"
"607","No"
"608","No"
"609","No"
"610","No"
"611","No"
"612","No"
"613","No"
"614","Yes"
"615","No"
"616","No"
"617","No"
"618","No"
"619","No"
"620","No"
"621","No"
"622","No"
"623","No"
"624","No"
"625","Yes"
"626","No"
"627","No"
"628","Yes"
"629","No"
"630","No"
"631","No"
"632","No"
"633","No"
"634","No"
"635","No"
"636","No"
"637","No"
"638","No"
"639","No"
"640","No"
"641","No"
"642","No"
"643","No"
"644","No"
"645","No"
"646","No"
"647","No"
"648","No"
"649","No"
"650","No"
"651","No"
"652","Yes"
"653","Yes"
"654","No"
"655","Yes"
"656","Yes"
"657","No"
"658","No"
"659","No"
"660","No"
"661","No"
"662","Yes"
"663","No"
"664","No"
"665","Yes"
"666","No"
"667","No"
"668","No"
"669","No"
"670","No"
"671","No"
"672","No"
"673","No"
"674","No"
"675","No"
"676","No"
"677","No"
"678","No"
"679","No"
"680","No"
"681","No"
"682","No"
"683","No"
"684","No"
"685","No"
"686","No"
"687","No"
"688","No"
"689","No"
"690","No"
"691","No"
"692","Yes"
"693","No"
"694","No"
"695","No"
"696","No"
"697","No"
"698","No"
"699","No"
"700","No"
"701","No"
"702","No"
"703","No"
"704","No"
"705","No"
"706","No"
"707","No"
"708","No"
"709","Yes"
"710","No"
"711","No"
"712","No"
"713","No"
"714","Yes"
"715","Yes"
"716","No"
"717","No"
"718","No"
"719","No"
"720","No"
"721","No"
"722","No"
"723","No"
"724","No"
"725","No"
"726","No"
"727","No"
"728","No"
"729","No"
"730","No"
"731","No"
"732","No"
"733","No"
"734","No"
"735","No"
"736","Yes"
"737","No"
"738","No"
"739","No"
"740","Yes"
"741","Yes"
"742","No"
"743","No"
"744","No"
"745","No"
"746","Yes"
"747","No"
"748","No"
"749","No"
"750","No"
"751","No"
"752","No"
"753","No"
"754","Yes"
"755","No"
"756","No"
"757","Yes"
"758","No"
"759","No"
"760","No"
"761","No"
"762","No"
"763","No"
"764","No"
"765","No"
"766","No"
"767","No"
"768","No"
"769","No"
"770","No"
"771","Yes"
"772","No"
"773","No"
"774","Yes"
"775","Yes"
"776","No"
"777","No"
"778","No"
"779","No"
"780","No"
"781","Yes"
"782","No"
"783","No"
"784","No"
"785","No"
"786","Yes"
"787","No"
"788","No"
"789","No"
"790","No"
"791","No"
"792","No"
"793","No"
"794","No"
"795","No"
"796","No"
"797","No"
"798","No"
"799","No"
"800","Yes"
"801","No"
"802","No"
"803","No"
"804","Yes"
"805","No"
"806","No"
"807","No"
"808","No"
"809","No"
"810","No"
"811","Yes"
"812","No"
"813","No"
"814","No"
"815","No"
"816","No"
"817","No"
"818","Yes"
"819","No"
"820","No"
"821","No"
"822","No"
"823","No"
"824","No"
"825","No"
"826","No"
"827","No"
"828","No"
"829","No"
"830","No"
"831","No"
"832","No"
"833","No"
"834","No"
"835","No"
"836","No"
"837","No"
"838","No"
"839","No"
"840","No"
"841","No"
"842","No"
"843","No"
"844","No"
"845","Yes"
"846","Yes"
"847","No"
"848","No"
"849","No"
"850","Yes"
"851","Yes"
"852","No"
"853","No"
"854","Yes"
"855","No"
"856","No"
"857","No"
"858","Yes"
"859","No"
"860","No"
"861","No"
"862","No"
"863","No"
"864","No"
"865","No"
"866","No"
"867","No"
"868","No"
"869","No"
"870","No"
"871","No"
"872","No"
"873","No"
"874","Yes"
"875","No"
"876","No"
"877","No"
"878","No"
"879","No"
"880","No"
"881","No"
"882","Yes"
"883","No"
"884","No"
"885","No"
"886","Yes"
"887","No"
"888","No"
"889","No"
"890","No"
"891","No"
"892","No"
"893","No"
"894","No"
"895","No"
"896","No"
"897","No"
"898","No"
"899","No"
"900","No"
"901","No"
"902","No"
"903","No"
"904","No"
"905","No"
"906","No"
"907","No"
"908","No"
"909","No"
"910","No"
"911","No"
"912","No"
"913","No"
"914","No"
"915","No"
"916","No"
"917","No"
"918","No"
"919","No"
"920","No"
"921","Yes"
"922","No"
"923","Yes"
"924","No"
"925","No"
"926","Yes"
"927","No"
"928","No"
"929","No"
"930","Yes"
"931","No"
"932","No"
"933","No"
"934","Yes"
"935","No"
"936","No"
"937","No"
"938","No"
"939","Yes"
"940","No"
"941","No"
"942","No"
"943","No"
"944","No"
"945","No"
"946","No"
"947","No"
"948","No"
"949","No"
"950","No"
"951","No"
"952","No"
"953","No"
"954","Yes"
"955","No"
"956","Yes"
"957","No"
"958","No"
"959","No"
"960","Yes"
"961","Yes"
"962","No"
"963","Yes"
"964","No"
"965","No"
"966","No"
"967","No"
"968","No"
"969","Yes"
"970","No"
"971","No"
"972","No"
"973","No"
"974","No"
"975","No"
"976","No"
"977","No"
"978","No"
"979","No"
"980","No"
"981","No"
"982","Yes"
"983","No"
"984","No"
"985","No"
"986","No"
"987","No"
"988","No"
"989","No"
"990","No"
"991","Yes"
"992","No"
"993","No"
"994","No"
"995","No"
"996","No"
"997","No"
"998","No"
"999","No"
"1000","No"
"1001","No"
